month_date,hires,pct_of_baseline,usable
1950-01-01,16,0.1,TRUE
1950-02-01,2,0,TRUE
1950-03-01,3,0,TRUE
1950-04-01,1,0,TRUE
1950-05-01,3,0,TRUE
1950-08-01,3,0,TRUE
1950-09-01,1,0,TRUE
1950-10-01,3,0,TRUE
1950-12-01,2,0,TRUE
1951-01-01,19,0.1,TRUE
1951-04-01,1,0,TRUE
1951-05-01,2,0,TRUE
1951-06-01,1,0,TRUE
1951-07-01,1,0,TRUE
1951-08-01,1,0,TRUE
1951-09-01,1,0,TRUE
1951-11-01,2,0,TRUE
1952-01-01,14,0.1,TRUE
1952-02-01,2,0,TRUE
1952-03-01,1,0,TRUE
1952-05-01,1,0,TRUE
1952-06-01,2,0,TRUE
1952-09-01,4,0,TRUE
1952-10-01,1,0,TRUE
1952-11-01,2,0,TRUE
1953-01-01,9,0,TRUE
1953-02-01,1,0,TRUE
1953-04-01,2,0,TRUE
1953-05-01,2,0,TRUE
1953-06-01,1,0,TRUE
1953-07-01,2,0,TRUE
1953-08-01,1,0,TRUE
1953-09-01,2,0,TRUE
1953-10-01,1,0,TRUE
1953-12-01,1,0,TRUE
1954-01-01,9,0,TRUE
1954-02-01,2,0,TRUE
1954-03-01,2,0,TRUE
1954-04-01,2,0,TRUE
1954-05-01,3,0,TRUE
1954-07-01,4,0,TRUE
1954-09-01,4,0,TRUE
1954-10-01,1,0,TRUE
1954-11-01,2,0,TRUE
1955-01-01,14,0.1,TRUE
1955-02-01,1,0,TRUE
1955-03-01,1,0,TRUE
1955-04-01,1,0,TRUE
1955-05-01,2,0,TRUE
1955-07-01,1,0,TRUE
1955-08-01,2,0,TRUE
1955-09-01,3,0,TRUE
1955-10-01,1,0,TRUE
1955-11-01,1,0,TRUE
1955-12-01,4,0,TRUE
1956-01-01,15,0.1,TRUE
1956-02-01,3,0,TRUE
1956-03-01,1,0,TRUE
1956-04-01,1,0,TRUE
1956-06-01,4,0,TRUE
1956-07-01,1,0,TRUE
1956-08-01,1,0,TRUE
1956-10-01,2,0,TRUE
1957-01-01,15,0.1,TRUE
1957-02-01,3,0,TRUE
1957-03-01,6,0,TRUE
1957-04-01,6,0,TRUE
1957-05-01,1,0,TRUE
1957-06-01,1,0,TRUE
1957-08-01,5,0,TRUE
1957-09-01,4,0,TRUE
1957-10-01,2,0,TRUE
1957-11-01,1,0,TRUE
1957-12-01,3,0,TRUE
1958-01-01,37,0.2,TRUE
1958-02-01,4,0,TRUE
1958-03-01,4,0,TRUE
1958-04-01,7,0,TRUE
1958-05-01,5,0,TRUE
1958-06-01,6,0,TRUE
1958-07-01,7,0,TRUE
1958-08-01,4,0,TRUE
1958-09-01,6,0,TRUE
1958-10-01,7,0,TRUE
1958-11-01,1,0,TRUE
1958-12-01,3,0,TRUE
1959-01-01,57,0.3,TRUE
1959-02-01,14,0.1,TRUE
1959-03-01,16,0.1,TRUE
1959-04-01,10,0,TRUE
1959-05-01,19,0.1,TRUE
1959-06-01,9,0,TRUE
1959-07-01,13,0.1,TRUE
1959-08-01,17,0.1,TRUE
1959-09-01,11,0.1,TRUE
1959-10-01,21,0.1,TRUE
1959-11-01,11,0.1,TRUE
1959-12-01,15,0.1,TRUE
1960-01-01,91,0.4,TRUE
1960-02-01,19,0.1,TRUE
1960-03-01,19,0.1,TRUE
1960-04-01,17,0.1,TRUE
1960-05-01,15,0.1,TRUE
1960-06-01,9,0,TRUE
1960-07-01,9,0,TRUE
1960-08-01,14,0.1,TRUE
1960-09-01,20,0.1,TRUE
1960-10-01,20,0.1,TRUE
1960-11-01,7,0,TRUE
1960-12-01,18,0.1,TRUE
1961-01-01,58,0.3,TRUE
1961-02-01,16,0.1,TRUE
1961-03-01,12,0.1,TRUE
1961-04-01,14,0.1,TRUE
1961-05-01,5,0,TRUE
1961-06-01,14,0.1,TRUE
1961-07-01,7,0,TRUE
1961-08-01,7,0,TRUE
1961-09-01,15,0.1,TRUE
1961-10-01,6,0,TRUE
1961-11-01,9,0,TRUE
1961-12-01,11,0.1,TRUE
1962-01-01,66,0.3,TRUE
1962-02-01,25,0.1,TRUE
1962-03-01,11,0.1,TRUE
1962-04-01,8,0,TRUE
1962-05-01,16,0.1,TRUE
1962-06-01,11,0.1,TRUE
1962-07-01,6,0,TRUE
1962-08-01,11,0.1,TRUE
1962-09-01,6,0,TRUE
1962-10-01,9,0,TRUE
1962-11-01,5,0,TRUE
1962-12-01,8,0,TRUE
1963-01-01,65,0.3,TRUE
1963-02-01,12,0.1,TRUE
1963-03-01,13,0.1,TRUE
1963-04-01,10,0,TRUE
1963-05-01,7,0,TRUE
1963-06-01,12,0.1,TRUE
1963-07-01,7,0,TRUE
1963-08-01,9,0,TRUE
1963-09-01,17,0.1,TRUE
1963-10-01,14,0.1,TRUE
1963-11-01,7,0,TRUE
1963-12-01,11,0.1,TRUE
1964-01-01,74,0.4,TRUE
1964-02-01,7,0,TRUE
1964-03-01,15,0.1,TRUE
1964-04-01,17,0.1,TRUE
1964-05-01,6,0,TRUE
1964-06-01,9,0,TRUE
1964-07-01,8,0,TRUE
1964-08-01,10,0,TRUE
1964-09-01,23,0.1,TRUE
1964-10-01,25,0.1,TRUE
1964-11-01,7,0,TRUE
1964-12-01,2,0,TRUE
1965-01-01,100,0.5,TRUE
1965-02-01,23,0.1,TRUE
1965-03-01,14,0.1,TRUE
1965-04-01,11,0.1,TRUE
1965-05-01,23,0.1,TRUE
1965-06-01,25,0.1,TRUE
1965-07-01,18,0.1,TRUE
1965-08-01,14,0.1,TRUE
1965-09-01,18,0.1,TRUE
1965-10-01,11,0.1,TRUE
1965-11-01,6,0,TRUE
1965-12-01,13,0.1,TRUE
1966-01-01,74,0.4,TRUE
1966-02-01,18,0.1,TRUE
1966-03-01,14,0.1,TRUE
1966-04-01,18,0.1,TRUE
1966-05-01,17,0.1,TRUE
1966-06-01,18,0.1,TRUE
1966-07-01,13,0.1,TRUE
1966-08-01,14,0.1,TRUE
1966-09-01,26,0.1,TRUE
1966-10-01,20,0.1,TRUE
1966-11-01,20,0.1,TRUE
1966-12-01,7,0,TRUE
1967-01-01,113,0.5,TRUE
1967-02-01,23,0.1,TRUE
1967-03-01,26,0.1,TRUE
1967-04-01,23,0.1,TRUE
1967-05-01,17,0.1,TRUE
1967-06-01,19,0.1,TRUE
1967-07-01,18,0.1,TRUE
1967-08-01,17,0.1,TRUE
1967-09-01,22,0.1,TRUE
1967-10-01,21,0.1,TRUE
1967-11-01,10,0,TRUE
1967-12-01,11,0.1,TRUE
1968-01-01,136,0.6,TRUE
1968-02-01,14,0.1,TRUE
1968-03-01,30,0.1,TRUE
1968-04-01,14,0.1,TRUE
1968-05-01,18,0.1,TRUE
1968-06-01,20,0.1,TRUE
1968-07-01,20,0.1,TRUE
1968-08-01,24,0.1,TRUE
1968-09-01,36,0.2,TRUE
1968-10-01,27,0.1,TRUE
1968-11-01,18,0.1,TRUE
1968-12-01,15,0.1,TRUE
1969-01-01,148,0.7,TRUE
1969-02-01,21,0.1,TRUE
1969-03-01,23,0.1,TRUE
1969-04-01,17,0.1,TRUE
1969-05-01,16,0.1,TRUE
1969-06-01,22,0.1,TRUE
1969-07-01,35,0.2,TRUE
1969-08-01,18,0.1,TRUE
1969-09-01,35,0.2,TRUE
1969-10-01,26,0.1,TRUE
1969-11-01,17,0.1,TRUE
1969-12-01,14,0.1,TRUE
1970-01-01,287,1.4,TRUE
1970-02-01,27,0.1,TRUE
1970-03-01,33,0.2,TRUE
1970-04-01,24,0.1,TRUE
1970-05-01,33,0.2,TRUE
1970-06-01,31,0.1,TRUE
1970-07-01,19,0.1,TRUE
1970-08-01,31,0.1,TRUE
1970-09-01,59,0.3,TRUE
1970-10-01,44,0.2,TRUE
1970-11-01,24,0.1,TRUE
1970-12-01,19,0.1,TRUE
1971-01-01,216,1,TRUE
1971-02-01,21,0.1,TRUE
1971-03-01,29,0.1,TRUE
1971-04-01,27,0.1,TRUE
1971-05-01,22,0.1,TRUE
1971-06-01,35,0.2,TRUE
1971-07-01,18,0.1,TRUE
1971-08-01,16,0.1,TRUE
1971-09-01,55,0.3,TRUE
1971-10-01,24,0.1,TRUE
1971-11-01,20,0.1,TRUE
1971-12-01,22,0.1,TRUE
1972-01-01,291,1.4,TRUE
1972-02-01,39,0.2,TRUE
1972-03-01,33,0.2,TRUE
1972-04-01,37,0.2,TRUE
1972-05-01,30,0.1,TRUE
1972-06-01,35,0.2,TRUE
1972-07-01,27,0.1,TRUE
1972-08-01,33,0.2,TRUE
1972-09-01,86,0.4,TRUE
1972-10-01,50,0.2,TRUE
1972-11-01,33,0.2,TRUE
1972-12-01,18,0.1,TRUE
1973-01-01,274,1.3,TRUE
1973-02-01,38,0.2,TRUE
1973-03-01,54,0.3,TRUE
1973-04-01,45,0.2,TRUE
1973-05-01,28,0.1,TRUE
1973-06-01,26,0.1,TRUE
1973-07-01,27,0.1,TRUE
1973-08-01,35,0.2,TRUE
1973-09-01,78,0.4,TRUE
1973-10-01,40,0.2,TRUE
1973-11-01,25,0.1,TRUE
1973-12-01,24,0.1,TRUE
1974-01-01,394,1.9,TRUE
1974-02-01,40,0.2,TRUE
1974-03-01,45,0.2,TRUE
1974-04-01,56,0.3,TRUE
1974-05-01,33,0.2,TRUE
1974-06-01,50,0.2,TRUE
1974-07-01,52,0.2,TRUE
1974-08-01,42,0.2,TRUE
1974-09-01,114,0.5,TRUE
1974-10-01,55,0.3,TRUE
1974-11-01,21,0.1,TRUE
1974-12-01,23,0.1,TRUE
1975-01-01,516,2.4,TRUE
1975-02-01,46,0.2,TRUE
1975-03-01,54,0.3,TRUE
1975-04-01,47,0.2,TRUE
1975-05-01,63,0.3,TRUE
1975-06-01,59,0.3,TRUE
1975-07-01,51,0.2,TRUE
1975-08-01,56,0.3,TRUE
1975-09-01,103,0.5,TRUE
1975-10-01,64,0.3,TRUE
1975-11-01,51,0.2,TRUE
1975-12-01,30,0.1,TRUE
1976-01-01,502,2.4,TRUE
1976-02-01,61,0.3,TRUE
1976-03-01,70,0.3,TRUE
1976-04-01,73,0.3,TRUE
1976-05-01,72,0.3,TRUE
1976-06-01,81,0.4,TRUE
1976-07-01,65,0.3,TRUE
1976-08-01,45,0.2,TRUE
1976-09-01,127,0.6,TRUE
1976-10-01,73,0.3,TRUE
1976-11-01,51,0.2,TRUE
1976-12-01,37,0.2,TRUE
1977-01-01,586,2.8,TRUE
1977-02-01,59,0.3,TRUE
1977-03-01,65,0.3,TRUE
1977-04-01,70,0.3,TRUE
1977-05-01,72,0.3,TRUE
1977-06-01,87,0.4,TRUE
1977-07-01,99,0.5,TRUE
1977-08-01,49,0.2,TRUE
1977-09-01,163,0.8,TRUE
1977-10-01,77,0.4,TRUE
1977-11-01,53,0.3,TRUE
1977-12-01,40,0.2,TRUE
1978-01-01,678,3.2,TRUE
1978-02-01,67,0.3,TRUE
1978-03-01,119,0.6,TRUE
1978-04-01,88,0.4,TRUE
1978-05-01,78,0.4,TRUE
1978-06-01,101,0.5,TRUE
1978-07-01,79,0.4,TRUE
1978-08-01,79,0.4,TRUE
1978-09-01,183,0.9,TRUE
1978-10-01,111,0.5,TRUE
1978-11-01,73,0.3,TRUE
1978-12-01,36,0.2,TRUE
1979-01-01,748,3.5,TRUE
1979-02-01,76,0.4,TRUE
1979-03-01,111,0.5,TRUE
1979-04-01,99,0.5,TRUE
1979-05-01,77,0.4,TRUE
1979-06-01,112,0.5,TRUE
1979-07-01,65,0.3,TRUE
1979-08-01,66,0.3,TRUE
1979-09-01,218,1,TRUE
1979-10-01,110,0.5,TRUE
1979-11-01,89,0.4,TRUE
1979-12-01,71,0.3,TRUE
1980-01-01,1594,7.6,TRUE
1980-02-01,131,0.6,TRUE
1980-03-01,157,0.7,TRUE
1980-04-01,136,0.6,TRUE
1980-05-01,152,0.7,TRUE
1980-06-01,176,0.8,TRUE
1980-07-01,98,0.5,TRUE
1980-08-01,132,0.6,TRUE
1980-09-01,281,1.3,TRUE
1980-10-01,171,0.8,TRUE
1980-11-01,84,0.4,TRUE
1980-12-01,99,0.5,TRUE
1981-01-01,1244,5.9,TRUE
1981-02-01,140,0.7,TRUE
1981-03-01,165,0.8,TRUE
1981-04-01,158,0.7,TRUE
1981-05-01,151,0.7,TRUE
1981-06-01,180,0.9,TRUE
1981-07-01,114,0.5,TRUE
1981-08-01,110,0.5,TRUE
1981-09-01,329,1.6,TRUE
1981-10-01,204,1,TRUE
1981-11-01,72,0.3,TRUE
1981-12-01,79,0.4,TRUE
1982-01-01,1285,6.1,TRUE
1982-02-01,181,0.9,TRUE
1982-03-01,185,0.9,TRUE
1982-04-01,133,0.6,TRUE
1982-05-01,150,0.7,TRUE
1982-06-01,165,0.8,TRUE
1982-07-01,114,0.5,TRUE
1982-08-01,128,0.6,TRUE
1982-09-01,371,1.8,TRUE
1982-10-01,212,1,TRUE
1982-11-01,86,0.4,TRUE
1982-12-01,76,0.4,TRUE
1983-01-01,1484,7,TRUE
1983-02-01,153,0.7,TRUE
1983-03-01,242,1.1,TRUE
1983-04-01,151,0.7,TRUE
1983-05-01,155,0.7,TRUE
1983-06-01,209,1,TRUE
1983-07-01,130,0.6,TRUE
1983-08-01,162,0.8,TRUE
1983-09-01,445,2.1,TRUE
1983-10-01,236,1.1,TRUE
1983-11-01,174,0.8,TRUE
1983-12-01,104,0.5,TRUE
1984-01-01,1599,7.6,TRUE
1984-02-01,210,1,TRUE
1984-03-01,252,1.2,TRUE
1984-04-01,235,1.1,TRUE
1984-05-01,196,0.9,TRUE
1984-06-01,283,1.3,TRUE
1984-07-01,169,0.8,TRUE
1984-08-01,172,0.8,TRUE
1984-09-01,541,2.6,TRUE
1984-10-01,274,1.3,TRUE
1984-11-01,171,0.8,TRUE
1984-12-01,105,0.5,TRUE
1985-01-01,2344,11.1,TRUE
1985-02-01,241,1.1,TRUE
1985-03-01,309,1.5,TRUE
1985-04-01,269,1.3,TRUE
1985-05-01,313,1.5,TRUE
1985-06-01,313,1.5,TRUE
1985-07-01,234,1.1,TRUE
1985-08-01,178,0.8,TRUE
1985-09-01,631,3,TRUE
1985-10-01,340,1.6,TRUE
1985-11-01,184,0.9,TRUE
1985-12-01,170,0.8,TRUE
1986-01-01,2234,10.6,TRUE
1986-02-01,307,1.5,TRUE
1986-03-01,317,1.5,TRUE
1986-04-01,365,1.7,TRUE
1986-05-01,293,1.4,TRUE
1986-06-01,356,1.7,TRUE
1986-07-01,229,1.1,TRUE
1986-08-01,212,1,TRUE
1986-09-01,786,3.7,TRUE
1986-10-01,363,1.7,TRUE
1986-11-01,256,1.2,TRUE
1986-12-01,206,1,TRUE
1987-01-01,2770,13.1,TRUE
1987-02-01,347,1.6,TRUE
1987-03-01,432,2,TRUE
1987-04-01,341,1.6,TRUE
1987-05-01,376,1.8,TRUE
1987-06-01,421,2,TRUE
1987-07-01,286,1.4,TRUE
1987-08-01,262,1.2,TRUE
1987-09-01,940,4.5,TRUE
1987-10-01,469,2.2,TRUE
1987-11-01,343,1.6,TRUE
1987-12-01,197,0.9,TRUE
1988-01-01,3077,14.6,TRUE
1988-02-01,418,2,TRUE
1988-03-01,444,2.1,TRUE
1988-04-01,377,1.8,TRUE
1988-05-01,417,2,TRUE
1988-06-01,490,2.3,TRUE
1988-07-01,339,1.6,TRUE
1988-08-01,318,1.5,TRUE
1988-09-01,1090,5.2,TRUE
1988-10-01,570,2.7,TRUE
1988-11-01,371,1.8,TRUE
1988-12-01,250,1.2,TRUE
1989-01-01,3917,18.6,TRUE
1989-02-01,494,2.3,TRUE
1989-03-01,588,2.8,TRUE
1989-04-01,532,2.5,TRUE
1989-05-01,577,2.7,TRUE
1989-06-01,731,3.5,TRUE
1989-07-01,350,1.7,TRUE
1989-08-01,334,1.6,TRUE
1989-09-01,1397,6.6,TRUE
1989-10-01,691,3.3,TRUE
1989-11-01,484,2.3,TRUE
1989-12-01,379,1.8,TRUE
1990-01-01,5887,27.9,TRUE
1990-02-01,539,2.6,TRUE
1990-03-01,680,3.2,TRUE
1990-04-01,624,3,TRUE
1990-05-01,642,3,TRUE
1990-06-01,779,3.7,TRUE
1990-07-01,433,2.1,TRUE
1990-08-01,442,2.1,TRUE
1990-09-01,1682,8,TRUE
1990-10-01,731,3.5,TRUE
1990-11-01,509,2.4,TRUE
1990-12-01,351,1.7,TRUE
1991-01-01,4571,21.7,TRUE
1991-02-01,626,3,TRUE
1991-03-01,690,3.3,TRUE
1991-04-01,600,2.8,TRUE
1991-05-01,672,3.2,TRUE
1991-06-01,831,3.9,TRUE
1991-07-01,548,2.6,TRUE
1991-08-01,406,1.9,TRUE
1991-09-01,1685,8,TRUE
1991-10-01,793,3.8,TRUE
1991-11-01,543,2.6,TRUE
1991-12-01,367,1.7,TRUE
1992-01-01,5835,27.6,TRUE
1992-02-01,893,4.2,TRUE
1992-03-01,949,4.5,TRUE
1992-04-01,839,4,TRUE
1992-05-01,848,4,TRUE
1992-06-01,1017,4.8,TRUE
1992-07-01,635,3,TRUE
1992-08-01,516,2.4,TRUE
1992-09-01,1932,9.2,TRUE
1992-10-01,951,4.5,TRUE
1992-11-01,690,3.3,TRUE
1992-12-01,472,2.2,TRUE
1993-01-01,5976,28.3,TRUE
1993-02-01,836,4,TRUE
1993-03-01,1161,5.5,TRUE
1993-04-01,873,4.1,TRUE
1993-05-01,943,4.5,TRUE
1993-06-01,1123,5.3,TRUE
1993-07-01,709,3.4,TRUE
1993-08-01,607,2.9,TRUE
1993-09-01,2391,11.3,TRUE
1993-10-01,1113,5.3,TRUE
1993-11-01,773,3.7,TRUE
1993-12-01,427,2,TRUE
1994-01-01,6427,30.5,TRUE
1994-02-01,986,4.7,TRUE
1994-03-01,1131,5.4,TRUE
1994-04-01,1250,5.9,TRUE
1994-05-01,952,4.5,TRUE
1994-06-01,1176,5.6,TRUE
1994-07-01,780,3.7,TRUE
1994-08-01,609,2.9,TRUE
1994-09-01,2489,11.8,TRUE
1994-10-01,1190,5.6,TRUE
1994-11-01,902,4.3,TRUE
1994-12-01,576,2.7,TRUE
1995-01-01,8021,38,TRUE
1995-02-01,1111,5.3,TRUE
1995-03-01,1357,6.4,TRUE
1995-04-01,1218,5.8,TRUE
1995-05-01,1445,6.8,TRUE
1995-06-01,1498,7.1,TRUE
1995-07-01,882,4.2,TRUE
1995-08-01,804,3.8,TRUE
1995-09-01,2925,13.9,TRUE
1995-10-01,1504,7.1,TRUE
1995-11-01,1073,5.1,TRUE
1995-12-01,687,3.3,TRUE
1996-01-01,8947,42.4,TRUE
1996-02-01,1252,5.9,TRUE
1996-03-01,1497,7.1,TRUE
1996-04-01,1483,7,TRUE
1996-05-01,1489,7.1,TRUE
1996-06-01,1760,8.3,TRUE
1996-07-01,1081,5.1,TRUE
1996-08-01,938,4.4,TRUE
1996-09-01,3362,15.9,TRUE
1996-10-01,1755,8.3,TRUE
1996-11-01,1155,5.5,TRUE
1996-12-01,871,4.1,TRUE
1997-01-01,9597,45.5,TRUE
1997-02-01,1411,6.7,TRUE
1997-03-01,1815,8.6,TRUE
1997-04-01,1741,8.2,TRUE
1997-05-01,1748,8.3,TRUE
1997-06-01,1899,9,TRUE
1997-07-01,1536,7.3,TRUE
1997-08-01,1019,4.8,TRUE
1997-09-01,4081,19.3,TRUE
1997-10-01,2056,9.7,TRUE
1997-11-01,1627,7.7,TRUE
1997-12-01,1037,4.9,TRUE
1998-01-01,11413,54.1,TRUE
1998-02-01,1872,8.9,TRUE
1998-03-01,2196,10.4,TRUE
1998-04-01,1832,8.7,TRUE
1998-05-01,2042,9.7,TRUE
1998-06-01,2431,11.5,TRUE
1998-07-01,1680,8,TRUE
1998-08-01,1324,6.3,TRUE
1998-09-01,4764,22.6,TRUE
1998-10-01,2854,13.5,TRUE
1998-11-01,1912,9.1,TRUE
1998-12-01,1240,5.9,TRUE
1999-01-01,13216,62.6,TRUE
1999-02-01,2115,10,TRUE
1999-03-01,2531,12,TRUE
1999-04-01,2258,10.7,TRUE
1999-05-01,2550,12.1,TRUE
1999-06-01,2982,14.1,TRUE
1999-07-01,1975,9.4,TRUE
1999-08-01,1687,8,TRUE
1999-09-01,6112,29,TRUE
1999-10-01,3123,14.8,TRUE
1999-11-01,2648,12.5,TRUE
1999-12-01,2148,10.2,TRUE
2000-01-01,21132,100.1,TRUE
2000-02-01,3029,14.4,TRUE
2000-03-01,3693,17.5,TRUE
2000-04-01,2948,14,TRUE
2000-05-01,3255,15.4,TRUE
2000-06-01,3798,18,TRUE
2000-07-01,2570,12.2,TRUE
2000-08-01,2220,10.5,TRUE
2000-09-01,7167,34,TRUE
2000-10-01,4189,19.8,TRUE
2000-11-01,2690,12.7,TRUE
2000-12-01,1994,9.4,TRUE
2001-01-01,15475,73.3,TRUE
2001-02-01,2855,13.5,TRUE
2001-03-01,3436,16.3,TRUE
2001-04-01,2949,14,TRUE
2001-05-01,3118,14.8,TRUE
2001-06-01,3592,17,TRUE
2001-07-01,2533,12,TRUE
2001-08-01,1732,8.2,TRUE
2001-09-01,6618,31.4,TRUE
2001-10-01,3762,17.8,TRUE
2001-11-01,2678,12.7,TRUE
2001-12-01,1714,8.1,TRUE
2002-01-01,16101,76.3,TRUE
2002-02-01,3786,17.9,TRUE
2002-03-01,3710,17.6,TRUE
2002-04-01,3478,16.5,TRUE
2002-05-01,3126,14.8,TRUE
2002-06-01,3855,18.3,TRUE
2002-07-01,2962,14,TRUE
2002-08-01,2126,10.1,TRUE
2002-09-01,7347,34.8,TRUE
2002-10-01,4222,20,TRUE
2002-11-01,2984,14.1,TRUE
2002-12-01,1996,9.5,TRUE
2003-01-01,16847,79.8,TRUE
2003-02-01,3555,16.8,TRUE
2003-03-01,4696,22.2,TRUE
2003-04-01,3546,16.8,TRUE
2003-05-01,3735,17.7,TRUE
2003-06-01,4352,20.6,TRUE
2003-07-01,3253,15.4,TRUE
2003-08-01,2337,11.1,TRUE
2003-09-01,8401,39.8,TRUE
2003-10-01,4975,23.6,TRUE
2003-11-01,3509,16.6,TRUE
2003-12-01,2473,11.7,TRUE
2004-01-01,20155,95.5,TRUE
2004-02-01,4358,20.6,TRUE
2004-03-01,5225,24.8,TRUE
2004-04-01,5283,25,TRUE
2004-05-01,5098,24.2,TRUE
2004-06-01,5840,27.7,TRUE
2004-07-01,4680,22.2,TRUE
2004-08-01,3530,16.7,TRUE
2004-09-01,9463,44.8,TRUE
2004-10-01,5966,28.3,TRUE
2004-11-01,4092,19.4,TRUE
2004-12-01,2827,13.4,TRUE
2005-01-01,21165,100.3,TRUE
2005-02-01,4831,22.9,TRUE
2005-03-01,5642,26.7,TRUE
2005-04-01,5297,25.1,TRUE
2005-05-01,5759,27.3,TRUE
2005-06-01,5811,27.5,TRUE
2005-07-01,4296,20.4,TRUE
2005-08-01,3196,15.1,TRUE
2005-09-01,10677,50.6,TRUE
2005-10-01,7193,34.1,TRUE
2005-11-01,4823,22.9,TRUE
2005-12-01,3338,15.8,TRUE
2006-01-01,22432,106.3,TRUE
2006-02-01,5520,26.2,TRUE
2006-03-01,6198,29.4,TRUE
2006-04-01,5973,28.3,TRUE
2006-05-01,6243,29.6,TRUE
2006-06-01,7791,36.9,TRUE
2006-07-01,5056,24,TRUE
2006-08-01,3780,17.9,TRUE
2006-09-01,11902,56.4,TRUE
2006-10-01,8279,39.2,TRUE
2006-11-01,6196,29.4,TRUE
2006-12-01,3944,18.7,TRUE
2007-01-01,25090,118.9,TRUE
2007-02-01,6411,30.4,TRUE
2007-03-01,7363,34.9,TRUE
2007-04-01,6911,32.7,TRUE
2007-05-01,7586,35.9,TRUE
2007-06-01,8070,38.2,TRUE
2007-07-01,6705,31.8,TRUE
2007-08-01,4722,22.4,TRUE
2007-09-01,13380,63.4,TRUE
2007-10-01,9493,45,TRUE
2007-11-01,7369,34.9,TRUE
2007-12-01,4399,20.8,TRUE
2008-01-01,26677,126.4,TRUE
2008-02-01,7774,36.8,TRUE
2008-03-01,7782,36.9,TRUE
2008-04-01,7954,37.7,TRUE
2008-05-01,8702,41.2,TRUE
2008-06-01,9306,44.1,TRUE
2008-07-01,7109,33.7,TRUE
2008-08-01,5375,25.5,TRUE
2008-09-01,14997,71.1,TRUE
2008-10-01,10500,49.7,TRUE
2008-11-01,6587,31.2,TRUE
2008-12-01,4471,21.2,TRUE
2009-01-01,24762,117.3,TRUE
2009-02-01,6485,30.7,TRUE
2009-03-01,6728,31.9,TRUE
2009-04-01,6824,32.3,TRUE
2009-05-01,7853,37.2,TRUE
2009-06-01,9062,42.9,TRUE
2009-07-01,6437,30.5,TRUE
2009-08-01,5014,23.8,TRUE
2009-09-01,16247,77,TRUE
2009-10-01,9690,45.9,TRUE
2009-11-01,7136,33.8,TRUE
2009-12-01,4895,23.2,TRUE
2010-01-01,27658,131,TRUE
2010-02-01,7255,34.4,TRUE
2010-03-01,8097,38.4,TRUE
2010-04-01,7915,37.5,TRUE
2010-05-01,8710,41.3,TRUE
2010-06-01,9618,45.6,TRUE
2010-07-01,6727,31.9,TRUE
2010-08-01,5040,23.9,TRUE
2010-09-01,15471,73.3,TRUE
2010-10-01,11641,55.2,TRUE
2010-11-01,7110,33.7,TRUE
2010-12-01,5396,25.6,TRUE
2011-01-01,25626,121.4,TRUE
2011-02-01,7714,36.5,TRUE
2011-03-01,8464,40.1,TRUE
2011-04-01,8562,40.6,TRUE
2011-05-01,9862,46.7,TRUE
2011-06-01,10522,49.9,TRUE
2011-07-01,7799,37,TRUE
2011-08-01,5169,24.5,TRUE
2011-09-01,15360,72.8,TRUE
2011-10-01,10382,49.2,TRUE
2011-11-01,8338,39.5,TRUE
2011-12-01,5037,23.9,TRUE
2012-01-01,26629,126.2,TRUE
2012-02-01,8087,38.3,TRUE
2012-03-01,9412,44.6,TRUE
2012-04-01,9741,46.2,TRUE
2012-05-01,9859,46.7,TRUE
2012-06-01,11116,52.7,TRUE
2012-07-01,9569,45.3,TRUE
2012-08-01,5806,27.5,TRUE
2012-09-01,16671,79,TRUE
2012-10-01,12486,59.2,TRUE
2012-11-01,8879,42.1,TRUE
2012-12-01,6158,29.2,TRUE
2013-01-01,26676,126.4,TRUE
2013-02-01,9313,44.1,TRUE
2013-03-01,11026,52.2,TRUE
2013-04-01,11747,55.7,TRUE
2013-05-01,11194,53,TRUE
2013-06-01,13021,61.7,TRUE
2013-07-01,11117,52.7,TRUE
2013-08-01,7121,33.7,TRUE
2013-09-01,19126,90.6,TRUE
2013-10-01,14682,69.6,TRUE
2013-11-01,10401,49.3,TRUE
2013-12-01,8264,39.2,TRUE
2014-01-01,28402,134.6,TRUE
2014-02-01,10782,51.1,TRUE
2014-03-01,12392,58.7,TRUE
2014-04-01,13943,66.1,TRUE
2014-05-01,14070,66.7,TRUE
2014-06-01,14858,70.4,TRUE
2014-07-01,11923,56.5,TRUE
2014-08-01,7030,33.3,TRUE
2014-09-01,20919,99.1,TRUE
2014-10-01,15998,75.8,TRUE
2014-11-01,11947,56.6,TRUE
2014-12-01,8827,41.8,TRUE
2015-01-01,27544,130.5,TRUE
2015-02-01,10878,51.5,TRUE
2015-03-01,13113,62.1,TRUE
2015-04-01,14314,67.8,TRUE
2015-05-01,15278,72.4,TRUE
2015-06-01,15904,75.4,TRUE
2015-07-01,11896,56.4,TRUE
2015-08-01,7091,33.6,TRUE
2015-09-01,19908,94.3,TRUE
2015-10-01,15891,75.3,TRUE
2015-11-01,12343,58.5,TRUE
2015-12-01,8795,41.7,TRUE
2016-01-01,26526,125.7,TRUE
2016-02-01,11977,56.7,TRUE
2016-03-01,13629,64.6,TRUE
2016-04-01,16747,79.3,TRUE
2016-05-01,15823,75,TRUE
2016-06-01,17579,83.3,TRUE
2016-07-01,14496,68.7,TRUE
2016-08-01,8587,40.7,TRUE
2016-09-01,22398,106.1,TRUE
2016-10-01,17631,83.5,TRUE
2016-11-01,13669,64.8,TRUE
2016-12-01,9224,43.7,TRUE
2017-01-01,28570,135.4,TRUE
2017-02-01,12860,60.9,TRUE
2017-03-01,16092,76.2,TRUE
2017-04-01,16920,80.2,TRUE
2017-05-01,18045,85.5,TRUE
2017-06-01,19143,90.7,TRUE
2017-07-01,16457,78,TRUE
2017-08-01,9155,43.4,TRUE
2017-09-01,23992,113.7,TRUE
2017-10-01,18480,87.6,TRUE
2017-11-01,15085,71.5,TRUE
2017-12-01,9607,45.5,TRUE
2018-01-01,29111,137.9,TRUE
2018-02-01,13993,66.3,TRUE
2018-03-01,17543,83.1,TRUE
2018-04-01,17980,85.2,TRUE
2018-05-01,20194,95.7,TRUE
2018-06-01,21335,101.1,TRUE
2018-07-01,17768,84.2,TRUE
2018-08-01,10116,47.9,TRUE
2018-09-01,25675,121.6,TRUE
2018-10-01,21880,103.7,TRUE
2018-11-01,16657,78.9,TRUE
2018-12-01,10716,50.8,TRUE
2019-01-01,28471,134.9,TRUE
2019-02-01,16394,77.7,TRUE
2019-03-01,17647,83.6,TRUE
2019-04-01,19568,92.7,TRUE
2019-05-01,20712,98.1,TRUE
2019-06-01,21715,102.9,TRUE
2019-07-01,19718,93.4,TRUE
2019-08-01,10404,49.3,TRUE
2019-09-01,26934,127.6,TRUE
2019-10-01,22128,104.8,TRUE
2019-11-01,17464,82.7,TRUE
2019-12-01,11541,54.7,TRUE
2020-01-01,27559,130.6,TRUE
2020-02-01,15582,73.8,TRUE
2020-03-01,14152,67.1,TRUE
2020-04-01,7699,36.5,TRUE
2020-05-01,11345,53.8,TRUE
2020-06-01,18985,89.9,TRUE
2020-07-01,18669,88.5,TRUE
2020-08-01,11131,52.7,TRUE
2020-09-01,27300,129.3,TRUE
2020-10-01,20795,98.5,TRUE
2020-11-01,15297,72.5,TRUE
2020-12-01,10248,48.6,TRUE
2021-01-01,26045,123.4,TRUE
2021-02-01,14101,66.8,TRUE
2021-03-01,16415,77.8,TRUE
2021-04-01,16791,79.6,TRUE
2021-05-01,21819,103.4,TRUE
2021-06-01,25177,119.3,TRUE
2021-07-01,21438,101.6,TRUE
2021-08-01,12406,58.8,TRUE
2021-09-01,30297,143.5,TRUE
2021-10-01,23724,112.4,TRUE
2021-11-01,20952,99.3,TRUE
2021-12-01,13063,61.9,TRUE
2022-01-01,28591,135.5,TRUE
2022-02-01,17526,83,TRUE
2022-03-01,20778,98.4,TRUE
2022-04-01,22314,105.7,TRUE
2022-05-01,23743,112.5,TRUE
2022-06-01,23504,111.4,TRUE
2022-07-01,21856,103.6,TRUE
2022-08-01,11738,55.6,TRUE
2022-09-01,29337,139,TRUE
2022-10-01,23592,111.8,TRUE
2022-11-01,19105,90.5,TRUE
2022-12-01,12319,58.4,TRUE
2023-01-01,26602,126,TRUE
2023-02-01,16521,78.3,TRUE
2023-03-01,20642,97.8,TRUE
2023-04-01,20666,97.9,TRUE
2023-05-01,21683,102.7,TRUE
2023-06-01,21435,101.6,TRUE
2023-07-01,20288,96.1,TRUE
2023-08-01,10773,51,TRUE
2023-09-01,25914,122.8,TRUE
2023-10-01,21788,103.2,TRUE
2023-11-01,17797,84.3,TRUE
2023-12-01,11433,54.2,TRUE
2024-01-01,24442,115.8,TRUE
2024-02-01,15600,73.9,TRUE
2024-03-01,17698,83.9,TRUE
2024-04-01,20704,98.1,TRUE
2024-05-01,17896,84.8,TRUE
2024-06-01,18074,85.6,TRUE
2024-07-01,18224,86.3,TRUE
2024-08-01,9484,44.9,TRUE
2024-09-01,22496,106.6,TRUE
2024-10-01,18684,88.5,TRUE
2024-11-01,15025,71.2,TRUE
2024-12-01,9564,45.3,TRUE
2025-01-01,19318,91.5,FALSE
2025-02-01,13150,62.3,FALSE
2025-03-01,14053,66.6,FALSE
2025-04-01,15064,71.4,FALSE
2025-05-01,14723,69.8,FALSE
2025-06-01,13922,66,FALSE
2025-07-01,13626,64.6,FALSE
2025-08-01,6545,31,FALSE
2025-09-01,14531,68.8,FALSE
2025-10-01,11324,53.7,FALSE
2025-11-01,8547,40.5,FALSE
2025-12-01,4917,23.3,FALSE
2026-01-01,6266,29.7,FALSE
2026-02-01,3824,18.1,FALSE
2026-03-01,2403,11.4,FALSE
2026-04-01,885,4.2,FALSE
